Racer,Race1,Race2,Race3,Race4,Race5,Race6,Race7,Race8,Race9,Race10,Race11,Race12
TTA,14,26,9,2,2,20,19,18,9,8,17,8
BPL,3,6,12,7,NA,10,2,1,15,4,5,13
BSK,9,8,26,28,8,NA,16,19,3,15,13,4
H2B,10,16,21,29,9,13,17,3,12,17,2,19
SRT,7,9,15,9,NA,23,4,8,14,14,20,18
OLM,15,25,10,24,18,9,ELIMINATED,ELIMINATED,ELIMINATED,ELIMINATED,ELIMINATED,ELIMINATED
SMA,16,17,16,5,6,NA,7,6,1,7,6,12
RTA,13,14,20,8,10,NA,9,10,16,5,18,17
WWW,11,27,NA,20,NA,19,ELIMINATED,ELIMINATED,ELIMINATED,ELIMINATED,ELIMINATED,ELIMINATED
MMS,21,30,17,NA,4,17,ELIMINATED,ELIMINATED,ELIMINATED,ELIMINATED,ELIMINATED,ELIMINATED
GSY,17,13,7,12,5,22,10,17,20,13,10,14
SLR,8,21,NA,18,16,3,1,12,4,1,12,9
FSY,5,11,NA,11,NA,14,11,13,8,10,3,5
SBL,25,18,11,3,13,NA,20,11,7,2,8,20
DON,32,33,23,30,NA,26,ELIMINATED,ELIMINATED,ELIMINATED,ELIMINATED,ELIMINATED,ELIMINATED
BMO,31,32,25,17,21,27,ELIMINATED,ELIMINATED,ELIMINATED,ELIMINATED,ELIMINATED,ELIMINATED
WOD,12,7,3,31,19,11,13,14,10,20,11,11
CYE,28,28,18,21,NA,16,ELIMINATED,ELIMINATED,ELIMINATED,ELIMINATED,ELIMINATED,ELIMINATED
RFR,30,31,NA,10,NA,4,ELIMINATED,ELIMINATED,ELIMINATED,ELIMINATED,ELIMINATED,ELIMINATED
OBL,22,19,NA,NA,14,5,ELIMINATED,ELIMINATED,ELIMINATED,ELIMINATED,ELIMINATED,ELIMINATED
TFS,23,3,2,27,17,6,14,16,5,6,19,6
SST,26,29,NA,13,NA,28,ELIMINATED,ELIMINATED,ELIMINATED,ELIMINATED,ELIMINATED,ELIMINATED
BLF,27,22,14,16,7,15,ELIMINATED,ELIMINATED,ELIMINATED,ELIMINATED,ELIMINATED,ELIMINATED
SUM,33,24,22,23,12,1,8,4,13,19,4,1
BLA,29,12,24,26,NA,8,ELIMINATED,ELIMINATED,ELIMINATED,ELIMINATED,ELIMINATED,ELIMINATED
POL,1,10,8,4,19,25,3,2,6,18,15,16
MMM,20,5,5,15,1,12,12,7,18,11,16,2
QUI,19,15,19,14,11,NA,ELIMINATED,ELIMINATED,ELIMINATED,ELIMINATED,ELIMINATED,ELIMINATED
GHO,2,2,4,1,15,24,5,5,2,9,14,7
DRA,4,4,1,6,3,21,6,9,11,12,9,10
COB,24,23,NA,25,NA,2,ELIMINATED,ELIMINATED,ELIMINATED,ELIMINATED,ELIMINATED,ELIMINATED
ELC,6,1,13,19,NA,18,15,15,19,3,1,3
CMT,18,20,6,22,NA,7,18,20,17,16,7,15
